{"cameraMode":{"drawMode":0,"name":"Shaded","section":"Shading Mode"},"sceneLighting":true,"audioPlay":false,"sceneViewState":{"m_AlwaysRefresh":false,"showFog":true,"showSkybox":true,"showFlares":true,"showImageEffects":true,"showParticleSystems":true,"showVisualEffectGraphs":true,"m_FxEnabled":true},"in2DMode":false,"pivot":{"x":273.73333740234377,"y":248.67994689941407,"z":467.51568603515627},"rotation":{"x":-0.003000093623995781,"y":0.004498549737036228,"z":0.000014042972907191142,"w":0.9999862909317017},"size":257.6737060546875,"orthographic":true}